word,ipa,vietnamese,meaning,tags,example,exampleVi
hello,/həˈloʊ/,xin chào,a greeting,Basic,"Hello, how are you?","Xin chào, bạn khỏe không?"
goodbye,/ɡʊdˈbaɪ/,tạm biệt,a farewell,Basic,"Goodbye, see you tomorrow!","Tạm biệt, hẹn gặp lại!"
thank,/θæŋk/,cảm ơn,to express gratitude,Basic,"Thank you for your help!","Cảm ơn sự giúp đỡ của bạn!"
please,/pliːz/,làm ơn,polite request,Basic,"Please sit down.","Làm ơn ngồi xuống."
sorry,/ˈsɒri/,xin lỗi,apology,Basic,"I'm sorry I'm late.","Tôi xin lỗi vì đến muộn."
beautiful,/ˈbjuːtɪfəl/,đẹp,pleasing to the eye,Basic,"What a beautiful day!","Một ngày đẹp trời làm sao!"
important,/ɪmˈpɔːrtənt/,quan trọng,of great significance,Basic,"This is very important.","Điều này rất quan trọng."
difficult,/ˈdɪfɪkəlt/,khó khăn,not easy,Basic,"The test was difficult.","Bài kiểm tra rất khó."
experience,/ɪkˈspɪriəns/,kinh nghiệm,practical contact,IELTS,"I have experience in teaching.","Tôi có kinh nghiệm dạy học."
knowledge,/ˈnɒlɪdʒ/,kiến thức,facts learned,IELTS,"Knowledge is power.","Kiến thức là sức mạnh."
environment,/ɪnˈvaɪrənmənt/,môi trường,surroundings,IELTS,"We must protect the environment.","Chúng ta phải bảo vệ môi trường."
education,/ˌedʒuˈkeɪʃən/,giáo dục,teaching and learning,IELTS,"Education is important for all.","Giáo dục quan trọng cho tất cả mọi người."
community,/kəˈmjuːnəti/,cộng đồng,a group of people,IELTS,"The community came together.","Cộng đồng đã cùng nhau chung tay."
develop,/dɪˈveləp/,phát triển,grow or improve,IELTS,"The city continues to develop.","Thành phố tiếp tục phát triển."
opportunity,/ˌɒpəˈtjuːnəti/,cơ hội,a favorable time,IELTS,"This is a great opportunity.","Đây là một cơ hội tuyệt vời."
